;stof;aantalKernen;halveringstijd;1;2;4;8;16;32;64;128;256;512;1024
0;A;10000;100;9930.924954370359;9862.327044933592;9726.549474122856;9460.576467255958;8950.250709279724;8010.698775896221;6417.129487814521;4117.955086337865;1695.7554093095898;287.55864082027347;8.268997191040302
1;B;20000;50;19724.654089867185;19453.09894824571;18921.152934511916;17900.50141855945;16021.397551792443;12834.258975629042;8235.91017267573;3391.5108186191796;575.1172816405469;16.537994382080605;0.013675262909086484
2;C;30000;30;29314.79905302738;28645.248117312494;27351.674656746505;24937.13688428363;20728.69319951664;14322.624058656249;6837.918664186626;1558.571055267727;80.9714578106119;0.21854589933252336;1.592077003835381e-06
3;D;40000;20;38637.453156993826;37321.3196614723;34822.02253184497;30314.33133020796;22973.9670999407;13195.079107728941;4352.75281648062;473.6614270344993;5.608878686508957;0.0007864880029993611;1.546408447154808e-11
